sieve1001.links,sieve101.links,sieve201.links,sieve401.links,sieve601.links,sieve801.links
681,25,55,129,231,409
657,24,47,103,231,446
659,23,42,103,230,409
657,22,42,102,230,409
657,22,40,103,231,409
657,22,40,103,231,410
657,21,37,103,231,448
658,21,38,103,231,409
657,21,38,124,231,409
657,21,37,126,231,409
658,20,37,103,231,409
658,21,38,103,231,409
657,20,37,129,231,409
658,21,37,104,231,410
658,21,37,103,231,409
689,21,37,104,231,409
674,21,37,103,231,408
658,21,38,103,231,409
690,21,38,103,230,409
694,21,37,104,258,409
693,21,38,103,230,409
659,21,56,103,230,409
657,21,46,105,231,409
659,20,44,103,232,410
658,21,39,103,231,410
