builtin1001.links,builtin101.links,builtin201.links,builtin401.links,builtin601.links,builtin801.links
269,54,65,116,136,186
247,80,65,95,135,185
245,80,65,127,135,185
248,65,65,124,136,185
276,58,65,96,136,185
247,54,65,94,136,214
247,54,65,94,136,187
248,70,65,95,135,186
247,75,65,95,136,186
248,60,66,94,136,186
247,75,64,125,135,186
246,62,65,96,135,186
246,55,65,94,135,185
247,54,65,95,135,185
248,54,65,94,136,186
246,54,64,121,136,186
247,54,65,123,136,186
247,54,65,95,136,202
247,54,65,94,136,215
251,81,65,94,137,225
247,63,65,95,136,228
246,56,65,94,136,186
248,59,82,95,135,186
248,54,93,94,136,185
246,54,71,94,136,185
